GrowthRate,Sector,Region,SizeClass,Age,Revenue,MarketDensity,CompanyDensity,ProductDiversity,MarketDiversity,SectorRichness,RegionID
0.701705187934255,Technology,1,Large,55.0,23296.123582865,43.6017270259267,6.02603501115112,1.0,1.279283605,1,1
1.13899490483325,Technology,1,Small,42.0,33718.0415102058,43.6017270259267,3.91342398248804,1.14189757816331,1.279283605,1,1
1.39410120922438,Technology,12,Medium,60.0,57299.5890669972,35.807036227909,5.53883185949575,1.97962633005252,2.272922445,2,12
0.999518941940366,Finance,12,Medium,63.0,67296.8100073449,35.807036227909,5.05789590663507,2.672196324505,2.272922445,2,12
1.35492399294231,Finance,12,Large,58.0,97764.3732319006,35.807036227909,5.89331844076967,2.18970727116445,2.272922445,2,12
1.16621879905817,Finance,12,Large,57.0,67372.5076089678,35.807036227909,10.2127483395053,2.0,2.272922445,2,12
1.45996039116999,Technology,12,Small,65.0,125283.711144789,35.807036227909,3.08697291875402,1.0,2.272922445,2,12
1.32179229389009,Technology,12,Medium,61.0,140525.966546768,35.807036227909,4.71470508759819,2.2055730250332,2.272922445,2,12
0.945298291903428,Technology,12,Small,65.0,46123.2133021331,35.807036227909,3.98924968570051,1.71635720768397,2.272922445,2,12
1.60132129253003,Technology,12,Medium,58.0,85697.5726988716,35.807036227909,4.66066406870002,1.31152341404742,2.272922445,2,12
1.30220118213955,Technology,12,Large,60.0,79010.4116811024,35.807036227909,6.46083303083781,1.66819144647996,2.272922445,2,12
1.34662717223953,Finance,12,Medium,68.0,120250.564022554,35.807036227909,5.46623351692244,1.8457200132751,2.272922445,2,12
1.42344905122576,Finance,12,Small,55.0,112067.814129979,35.807036227909,2.55998785915896,1.75476535060332,2.272922445,2,12
1.22835600581766,Technology,1,Medium,47.0,42378.0418334241,43.6017270259267,4.45545772139367,1.0,1.279283605,1,1
0.934618652074898,Technology,1,Large,57.0,40167.3118598212,43.6017270259267,8.95001141322116,1.29345720901131,1.279283605,1,1
1.22081241106025,Technology,1,Medium,61.0,59192.6557458505,43.6017270259267,4.28347246250139,1.34371637842269,1.279283605,1,1
1.06927430119696,Technology,15,Large,54.0,48308.1095786339,41.3991332769643,5.67131896157487,1.80920126890583,2.201990429,2,15
0.696774628910991,Finance,15,Large,53.0,26843.6866096441,41.3991332769643,6.72259714616461,2.24327461329508,2.201990429,2,15
0.876065177483692,Finance,15,Medium,54.0,45866.2711512396,41.3991332769643,4.79088856397019,2.045237522778,2.201990429,2,15
1.06751634856084,Finance,15,Large,53.0,63558.9411493425,41.3991332769643,6.58448930437906,1.70829670563035,2.201990429,2,15
1.47845908855446,Technology,15,Small,65.0,76585.6070398365,41.3991332769643,4.03097837310832,1.55219472247223,2.201990429,2,15
0.51723125617242,Technology,15,Medium,48.5,15578.8274240982,41.3991332769643,5.63809787316081,2.22873839162834,2.201990429,2,15
1.19147116207841,Technology,15,Medium,56.0,50768.7297504549,41.3991332769643,4.93343279293403,2.07017786018826,2.201990429,2,15
1.4520405797888,Technology,15,Medium,48.0,66885.1220034587,41.3991332769643,4.85807836333171,2.12291794945014,2.201990429,2,15
1.27986364916075,Technology,15,Medium,56.0,50464.3425751013,41.3991332769643,4.96529187594074,1.9940857527753,2.201990429,2,15
0.914879224311115,Finance,15,Large,54.0,61037.2541167966,41.3991332769643,5.95389807258356,1.98617506690255,2.201990429,2,15
1.38001689162522,Finance,15,Large,54.0,100401.410886058,41.3991332769643,5.97895453075683,2.37391761074213,2.201990429,2,15
0.923793364868271,Finance,15,Medium,54.0,64338.8312608198,41.3991332769643,5.39352660870071,2.57981025744035,2.201990429,2,15
1.40052312495559,Technology,1,Large,64.0,98788.593508699,43.6017270259267,6.08952124146113,1.60637689229442,1.279283605,1,1
0.956294534467326,Finance,18,Medium,41.0,40824.3512158279,51.1534193139946,4.67652699037367,3.50652698550921,2.463959542,2,18
1.14531074661587,Technology,18,Large,55.0,36576.5634235172,51.1534193139946,9.85934741471553,2.15613407466059,2.463959542,2,18
1.24767515983149,Technology,18,Large,48.0,36723.773151104,51.1534193139946,9.73166927738083,1.72563409452829,2.463959542,2,18
0.873307088623913,Technology,18,Large,63.0,26287.1529256536,51.1534193139946,10.2640085973635,1.80491710461908,2.463959542,2,18
1.60245327619596,Finance,18,Large,68.0,103824.788343743,51.1534193139946,9.18194711664676,1.88206480189468,2.463959542,2,18
0.818568289455296,Finance,18,Small,70.0,24631.5891963467,51.1534193139946,4.13088097625725,2.88131986996656,2.463959542,2,18
1.57230095198116,Finance,18,Large,70.0,169183.681698941,51.1534193139946,5.83518400344616,2.3811015779523,2.463959542,2,18
1.11425865306498,Finance,18,Medium,43.0,52994.7601565155,51.1534193139946,5.44947492864939,2.2283471390401,2.463959542,2,18
1.54306287121737,Finance,18,Medium,40.0,88164.4804617472,51.1534193139946,4.36203451353406,3.11874622862802,2.463959542,2,18
1.04310707392946,Technology,18,Large,63.0,52490.0927330742,51.1534193139946,8.67063745624172,2.02485682688496,2.463959542,2,18
1.31434998063419,Technology,18,Large,71.0,63963.227992021,51.1534193139946,7.25310565453086,2.49826112156952,2.463959542,2,18
1.37917370128201,Technology,18,Large,66.0,58965.6173156995,51.1534193139946,7.13648887632869,1.62024531238264,2.463959542,2,18
1.50996322585228,Finance,23,Large,78.0,175843.936168174,67.7734853780952,12.5119763155853,1.0,1.060684477,1,23
1.07965172875502,Finance,23,Large,75.0,95796.3356737609,67.7734853780952,7.3086739947101,1.25071836227823,1.060684477,1,23
1.53692961019827,Finance,23,Large,74.0,168854.173662853,67.7734853780952,5.86110405200452,1.0,1.060684477,1,23
1.36117641100577,Finance,23,Large,74.0,117584.86774492,67.7734853780952,6.43902613991361,1.0,1.060684477,1,23
1.59085516413278,Finance,23,Medium,97.0,254519.224043724,67.7734853780952,4.79697070768237,1.0,1.060684477,1,23
0.860776928748876,Finance,23,Large,77.0,76234.5874603654,67.7734853780952,6.85868665385013,1.0,1.060684477,1,23
0.577951952399505,Finance,24,Large,77.5,62886.7533270312,43.3753002450957,6.79808975022854,1.0,1.108454453,1,24
0.809609515511558,Finance,24,Large,76.0,66271.7756236192,43.3753002450957,5.82952872012433,1.0,1.108454453,1,24
0.967229043693763,Finance,24,Medium,78.0,79168.6753947768,43.3753002450957,4.80561648113772,1.0,1.108454453,1,24
1.01517776128239,Finance,24,Medium,74.5,109467.503851667,43.3753002450957,5.56822354140219,1.0,1.108454453,1,24
1.43674049771686,Finance,24,Large,75.0,114345.400401323,43.3753002450957,5.74751970975458,1.29345720901131,1.108454453,1,24
1.38545124580339,Finance,24,Medium,77.0,164985.411773832,43.3753002450957,4.57877596098418,1.0,1.108454453,1,24
1.08059620154094,Finance,25,Large,83.0,126050.96911421,57.0503051639813,5.91534739779291,1.48349040282257,1.179916291,1,25
1.31515571149878,Finance,25,Large,88.0,198101.14025835,57.0503051639813,6.09028613580221,1.0,1.179916291,1,25
1.4101423065592,Finance,25,Large,88.0,151553.34371784,57.0503051639813,5.72912029974985,1.25071836227823,1.179916291,1,25
1.40364332054136,Finance,25,Medium,86.5,140607.585063983,57.0503051639813,4.3822894091662,1.0,1.179916291,1,25
1.51144610788064,Technology,26,Large,72.0,94265.235044324,40.1917035852012,8.02757597928544,1.0,1.084924513,1,26
1.24288263196342,Technology,26,Medium,62.0,71153.5108406869,40.1917035852012,5.06927556050952,1.0,1.084924513,1,26
1.25306214752384,Technology,26,Small,57.0,59917.4082352379,40.1917035852012,3.8106814006727,1.0,1.084924513,1,26
1.17589700958299,Technology,26,Large,64.0,54115.8795976156,40.1917035852012,7.28298341445406,1.12401472187303,1.084924513,1,26
1.21117466883019,Technology,26,Medium,69.0,46726.2823459243,40.1917035852012,4.71685912875872,1.0,1.084924513,1,26
1.3242360298274,Technology,26,Large,61.0,43331.6842737299,40.1917035852012,6.49411086947719,1.28525199522897,1.084924513,1,26
1.12534961488663,,27,Small,26.0,37332.4057239515,41.3670072167328,4.20595412213413,1.0,1.0,1,27
1.01141701895254,,27,Medium,26.0,34573.2657635104,41.3670072167328,5.11489780685356,1.0,1.0,1,27
0.831961657597417,,27,Medium,26.0,23443.8147586308,41.3670072167328,4.4765268593889,1.0,1.0,1,27
1.23947757460756,,27,Small,26.0,40877.1352195244,41.3670072167328,3.70992507674308,1.0,1.0,1,27
0.828814025613713,,27,Medium,26.0,31658.2960812242,41.3670072167328,4.45093744257797,1.0,1.0,1,27
1.09937654528184,,27,Medium,26.0,42564.2875599633,41.3670072167328,4.75123989568992,1.0,1.0,1,27
1.2529833278063,,28,Small,61.0,118673.056336387,50.092865625799,3.15152259893825,1.76135912114648,1.494471525,1,28
0.809172351691323,,28,Medium,63.0,51376.7010415929,50.092865625799,4.64113458899137,1.53088875019617,1.494471525,1,28
0.337771631294595,,28,Small,64.0,38938.338522823,50.092865625799,3.69955212251754,1.27753191707406,1.494471525,1,28
0.319339242361304,,28,Small,64.0,34245.948056667,50.092865625799,3.75148844827717,1.62432783677561,1.494471525,1,28
0.71134156258053,,28,Medium,64.0,50258.9230232505,50.092865625799,4.3243696357384,1.53088875019617,1.494471525,1,28
1.15013619628652,,28,Small,62.0,80342.509922445,50.092865625799,3.54573927272876,2.67269615442102,1.494471525,1,28
0.535724898511469,,29,Small,53.5,30014.6352762075,35.2229464733602,3.60839152146688,1.0,1.153711971,1,29
0.915002535183078,,29,Small,51.0,62998.6870233722,35.2229464733602,2.91856292405604,1.46302501230496,1.153711971,1,29
0.413231021917405,,29,Small,52.5,20547.1118335358,35.2229464733602,3.59750534781247,1.1770645027989,1.153711971,1,29
0.680251033176436,,29,Small,51.0,25892.7332561631,35.2229464733602,3.21652381352382,1.19583527094272,1.153711971,1,29
0.392013473342434,,29,Small,52.0,23951.9671218563,35.2229464733602,3.46074964182988,1.18287054280281,1.153711971,1,29
0.992758469967318,,29,Small,52.0,57454.6777871922,35.2229464733602,3.36301094944589,1.0,1.153711971,1,29
0.884121424248229,,30,Small,68.0,35396.2814076073,30.1024680865129,3.09262573467475,1.0,1.271042264,1,30
0.61839929794716,,30,Small,66.0,19587.6592067777,30.1024680865129,1.9452176032184,1.0,1.271042264,1,30
0.691290397458259,,30,Small,55.0,22810.4995743156,30.1024680865129,3.82046217863418,1.27753191707406,1.271042264,1,30
0.6433887143069,,30,Small,71.0,26293.3136869127,30.1024680865129,3.84292786565216,1.0,1.271042264,1,30
0.728112467737318,,30,Small,63.0,31935.9849475572,30.1024680865129,3.60445354931084,1.0,1.271042264,1,30
0.756959085114334,,30,Small,65.0,14305.5530986633,30.1024680865129,3.17857024979944,1.69100211307349,1.271042264,1,30
1.18458234305561,Technology,3,Small,80.0,44993.9389717568,26.7687805281411,3.829685323947,1.78588693006866,1.847241355,1,3
0.950324304191037,,31,Medium,82.0,69098.5411287968,42.0310393654323,4.36666582539927,1.0,1.0,1,31
0.619083663309085,,31,Small,89.0,71380.1034642289,42.0310393654323,3.94964049583784,1.0,1.0,1,31
0.812954878790711,,31,Small,88.0,63028.4356480608,42.0310393654323,3.50761792572955,1.0,1.0,1,31
0.944989703066474,,31,Small,87.0,55609.7933861187,42.0310393654323,3.92092241443177,1.0,1.0,1,31
0.915696760381642,,31,Small,129.0,60224.076112588,42.0310393654323,3.32990582888354,1.0,1.0,1,31
1.32837699881078,Technology,3,Large,85.0,99291.5525626025,26.7687805281411,5.99205396319817,1.98439524901812,1.847241355,1,3
1.3111165618812,,32,Small,86.0,94768.4149635134,32.6692278177532,3.39516365318354,1.0,1.0,1,32
0.499535777343758,,32,Small,85.0,19565.4693018563,32.6692278177532,3.9030115498449,1.0,1.0,1,32
0.633919475370735,,32,Small,76.0,22613.6478483058,32.6692278177532,2.84516761092734,1.0,1.0,1,32
0.829537286640407,,32,Small,84.0,28389.6469240793,32.6692278177532,3.82923872434785,1.0,1.0,1,32
1.0199038419086,,32,Small,85.0,51656.0477125227,32.6692278177532,2.52539983053534,1.0,1.0,1,32
0.952560853343954,,32,Small,84.0,36174.6578939816,32.6692278177532,3.29822686615714,1.0,1.0,1,32
1.01992108116756,Technology,3,Large,66.0,59749.046804982,26.7687805281411,6.50433084483452,2.3699237950373,1.847241355,1,3
1.07552444272817,Technology,33,Large,68.0,28984.9946280283,53.0839723407613,8.22970054261755,2.42536829521598,2.405659432,2,33
1.10772208430747,,33,Small,60.0,87620.2353329844,53.0839723407613,4.22446456518838,2.1667310598536,2.405659432,2,33
0.983262902428661,,33,Large,62.0,106355.189840424,53.0839723407613,7.25445532293271,2.0,2.405659432,2,33
1.15485364796087,,33,Large,61.0,67977.9972512818,53.0839723407613,6.6373977861722,1.93781924087838,2.405659432,2,33
1.40966256167714,Technology,33,Medium,56.0,70099.9444924817,53.0839723407613,5.27988058142327,2.56856760741556,2.405659432,2,33
1.32366542647953,Technology,33,Medium,54.0,59386.3003839278,53.0839723407613,4.73273685483898,2.56856760741556,2.405659432,2,33
1.29659533322249,Technology,33,Large,57.0,53586.7208035067,53.0839723407613,6.77879960842661,2.17989589397795,2.405659432,2,33
1.42869747356907,Technology,33,Large,61.0,57601.8197358454,53.0839723407613,6.835799041244,2.17928697867251,2.405659432,2,33
1.4280334583151,Technology,33,Large,58.0,77509.0706664914,53.0839723407613,6.05762021263571,2.29452004628532,2.405659432,2,33
1.1638669170433,,33,Large,62.0,78161.214767956,53.0839723407613,6.48855428219937,2.24327461329508,2.405659432,2,33
1.20427079527535,,33,Large,65.0,97461.3870544309,53.0839723407613,7.32531661513143,1.96013170420779,2.405659432,2,33
1.37526665567416,,33,Medium,66.0,185356.350479176,53.0839723407613,5.33259660593059,2.68082206916229,2.405659432,2,33
1.70178541575107,Technology,3,Medium,67.0,119426.642651742,26.7687805281411,4.51357241950839,1.99723055581216,1.847241355,1,3
0.914158019482784,,34,Large,77.0,55074.2191916974,55.6317155986054,8.36178545831733,1.99513447554333,2.085993582,2,34
1.15868257746496,Technology,34,Large,64.0,41146.6524959992,55.6317155986054,8.93351930426694,2.18204799030809,2.085993582,2,34
1.21453032560122,Technology,34,Large,66.0,51206.3852128893,55.6317155986054,5.89407593290746,1.97962633005252,2.085993582,2,34
0.975918627237348,Technology,34,Large,67.0,29567.2680648619,55.6317155986054,8.67806680095464,2.12448666442257,2.085993582,2,34
0.815195701570414,,34,Large,74.0,84013.1447482805,55.6317155986054,8.12380462219607,2.19541849515904,2.085993582,2,34
0.868239995803689,,34,Large,73.0,52747.6087792994,55.6317155986054,7.07905024611545,2.0,2.085993582,2,34
1.00901697204629,,34,Large,73.0,59803.798940854,55.6317155986054,7.12628370537796,2.18676739089613,2.085993582,2,34
1.29298236247115,,34,Large,76.0,85301.4352125872,55.6317155986054,7.11470912681659,2.16596558984105,2.085993582,2,34
1.02921399407204,,34,Large,66.0,61418.9885057638,55.6317155986054,6.1227201232653,1.9940857527753,2.085993582,2,34
1.24991940794064,Technology,34,Large,67.0,67674.7113188968,55.6317155986054,7.47941074864564,1.98143361122527,2.085993582,2,34
1.28579593923039,Technology,34,Large,67.0,62281.4148642017,55.6317155986054,6.86086536902167,2.15437950568935,2.085993582,2,34
1.17547733717609,Technology,34,Large,66.0,42019.6946255443,55.6317155986054,5.93954766778438,1.99926958426467,2.085993582,2,34
1.64434486728188,Technology,3,Small,80.0,113765.538302779,26.7687805281411,3.34256853133014,1.33220569124945,1.847241355,1,3
1.0843280031341,,35,Large,119.0,123050.546036909,57.1073142096015,7.02169304013852,1.84202277503731,2.521215678,2,35
1.38907432918993,Technology,35,Large,109.0,84928.9143717208,57.1073142096015,6.29208993699129,3.42946826186843,2.521215678,2,35
1.09386047201739,Technology,35,Large,114.0,53828.965006758,57.1073142096015,5.82940041526712,3.04976940882239,2.521215678,2,35
1.2523721205684,Technology,35,Medium,123.0,96784.9647322337,57.1073142096015,5.03795683834376,1.88988157484231,2.521215678,2,35
0.935482113018628,,35,Large,116.0,142551.603154987,57.1073142096015,7.56597211404539,1.77950302833546,2.521215678,2,35
1.08193972262419,,35,Large,118.0,111649.278897116,57.1073142096015,6.20724588275732,2.84618119929437,2.521215678,2,35
0.953767564458419,,35,Large,116.0,160368.081137831,57.1073142096015,7.14418470036044,2.1086178062619,2.521215678,2,35
1.23889745835087,,35,Large,118.0,291585.724946876,57.1073142096015,7.50937980240955,1.78588693006866,2.521215678,2,35
0.866139704658267,Technology,35,Large,128.0,53749.2612330589,57.1073142096015,7.55500451615468,1.86573457504793,2.521215678,2,35
1.35331073653367,Technology,35,Large,114.0,105311.067044553,57.1073142096015,9.56311617341903,2.60647903043411,2.521215678,2,35
1.11914532035349,Technology,35,Large,112.0,69177.7734511048,57.1073142096015,7.60436240776453,2.1667310598536,2.521215678,2,35
1.4608974640549,Technology,3,Small,92.0,81159.4629381257,26.7687805281411,1.80889122502726,1.38414548846169,1.847241355,1,3
1.0865846680989,Technology,36,Small,60.0,42901.4732816129,27.7710924602922,3.83013932574945,1.58358778054402,1.971986252,2,36
0.956009938673744,,36,Small,56.0,30153.1689630412,27.7710924602922,4.15777318084911,1.7351258175457,1.971986252,2,36
0.974054782019614,,36,Small,63.0,34350.0918236373,27.7710924602922,4.20312648047322,1.90605021698383,1.971986252,2,36
1.2907814829565,,36,Small,61.0,67930.9603780226,27.7710924602922,2.9843463047904,2.0,1.971986252,2,36
1.07771177807545,Technology,36,Medium,46.0,33722.8059724643,27.7710924602922,4.99362504277517,1.44676947363756,1.971986252,2,36
1.26061585041484,Technology,36,Large,48.0,66890.0137567734,27.7710924602922,6.34445559054237,1.93781924087838,1.971986252,2,36
1.40946844770554,Technology,36,Medium,58.0,85288.2301537739,27.7710924602922,5.48106753233727,1.99490012509093,1.971986252,2,36
0.848873629678937,Technology,36,Medium,62.0,38608.0322189427,27.7710924602922,5.43647912705425,1.90311411625558,1.971986252,2,36
0.832213403053183,Technology,36,Small,64.0,53458.7848938549,27.7710924602922,3.08476952957148,1.84202277503731,1.971986252,2,36
1.12576365370946,,36,Small,57.0,47902.8322571415,27.7710924602922,3.51220975917716,1.99174121480513,1.971986252,2,36
0.768548860536124,,36,Medium,56.0,19053.2206049293,27.7710924602922,4.83322669944977,1.77230453837499,1.971986252,2,36
1.21642784752597,,36,Medium,52.0,67225.6270266405,27.7710924602922,4.35263618274312,1.98766697500242,1.971986252,2,36
1.02722937413718,,37,Small,62.0,44134.1700740204,26.9824499209221,3.75997137325991,1.86573457504793,1.998249009,2,37
1.40405250483368,Technology,37,Small,58.0,59872.2490244788,26.9824499209221,2.73751243352135,1.98439524901812,1.998249009,2,37
1.36934693665973,Technology,37,Small,58.0,49246.0168932757,26.9824499209221,1.99291740128887,2.0,1.998249009,2,37
0.841890513870339,Technology,37,Small,57.0,31993.3838416002,26.9824499209221,2.94386858974043,1.72563409452829,1.998249009,2,37
1.17480019047833,,37,Medium,63.0,69648.8729003104,26.9824499209221,4.94018606974547,2.40149603978733,1.998249009,2,37
1.22966486160929,,37,Small,57.0,65229.122204989,26.9824499209221,3.75973450275428,1.79670174162689,1.998249009,2,37
0.664561500774638,,37,Small,61.0,24808.5630387814,26.9824499209221,3.76106936674953,1.21959061791417,1.998249009,2,37
1.22756516599068,,37,Small,60.0,68479.0711001232,26.9824499209221,2.26247850409252,1.41741118113173,1.998249009,2,37
1.20531615770678,,37,Small,55.0,51546.5056221043,26.9824499209221,2.38048936391635,1.99555719944697,1.998249009,2,37
1.20505619080634,Technology,37,Small,61.0,40151.549468822,26.9824499209221,2.11509323416995,2.0,1.998249009,2,37
1.29698435774045,Technology,37,Small,60.0,81225.3908023602,26.9824499209221,2.55202555580838,1.99174121480513,1.998249009,2,37
1.29294139799174,Technology,37,Small,55.0,64134.299708282,26.9824499209221,2.61175393424267,1.88988157484231,1.998249009,2,37
1.20196172567975,Technology,38,Small,101.0,130235.059260528,30.3761135482193,3.04855054882058,1.29345720901131,1.796701742,2,38
1.33899786132604,,38,Small,119.0,136096.317897119,30.3761135482193,1.26397062683431,1.50699306577254,1.796701742,2,38
1.05601483906446,,38,Small,103.0,46469.7305893281,30.3761135482193,2.7025740339415,1.26338125030273,1.796701742,2,38
1.12652417087969,,38,Small,103.0,76611.8866142793,30.3761135482193,2.40664381557923,1.41741118113173,1.796701742,2,38
1.04013203745375,Technology,38,Small,101.0,135930.681419519,30.3761135482193,3.13675273595202,1.98766697500242,1.796701742,2,38
1.25601857212156,Technology,38,Small,100.0,124657.049633972,30.3761135482193,3.75709438357699,1.88988157484231,1.796701742,2,38
1.11189398812501,Technology,38,Small,96.0,130158.640302889,30.3761135482193,2.18667007268775,2.0,1.796701742,2,38
0.82223599054225,Technology,38,Small,102.0,110475.943506087,30.3761135482193,3.48335597071058,1.99174121480513,1.796701742,2,38
1.43425927827862,Technology,38,Small,102.0,246945.135571792,30.3761135482193,2.21498843511558,1.75476535060332,1.796701742,2,38
0.865187901339529,,38,Small,100.0,55959.5142790602,30.3761135482193,2.74689102510349,1.35613141338627,1.796701742,2,38
1.20150576712134,,38,Small,98.0,100063.241182738,30.3761135482193,3.40235365998973,1.41741118113173,1.796701742,2,38
0.902217727350713,,38,Small,101.0,52587.5624803237,30.3761135482193,2.64570043858022,1.79670174162689,1.796701742,2,38
1.23464647071545,Finance,39,Large,77.0,118239.295341717,59.7950895703489,8.10552118004305,1.27025427100027,1.78049946,2,39
1.41982729242681,,39,Large,80.0,156123.294950164,59.7950895703489,7.85743633641616,1.38414548846169,1.78049946,2,39
1.31943096109753,,39,Large,77.0,164865.061959872,59.7950895703489,6.0013239891319,1.41741118113173,1.78049946,2,39
1.34401259568037,,39,Large,74.0,122284.019523154,59.7950895703489,6.36601080655435,1.66819144647996,1.78049946,2,39
1.33481221501353,Finance,39,Large,75.0,150902.922630691,59.7950895703489,7.72684419838205,1.63158493250734,1.78049946,2,39
1.43478208086225,Finance,39,Small,76.0,143013.199884552,59.7950895703489,3.88794313132553,1.68132107594681,1.78049946,2,39
1.31226737699677,Finance,39,Large,73.5,126363.114459704,59.7950895703489,7.33114955133248,1.60663079608635,1.78049946,2,39
1.26317378689766,Finance,39,Medium,75.0,126496.883857212,59.7950895703489,4.43541502225616,1.43650137573418,1.78049946,2,39
1.42362511707756,Finance,39,Large,75.0,125240.796822939,59.7950895703489,6.63243090775735,2.3089069399613,1.78049946,2,39
1.2572200707345,,39,Large,77.0,93720.1709091108,59.7950895703489,6.19197020254554,1.93781924087838,1.78049946,2,39
1.11617261820161,,39,Large,76.0,122855.748527771,59.7950895703489,7.68807392489347,1.5691925832142,1.78049946,2,39
0.996058397658951,,39,Large,77.0,104986.236308971,59.7950895703489,7.04880237602721,1.52117546664052,1.78049946,2,39
0.953863631551638,,40,Medium,94.0,79482.6323261427,47.7130261033898,5.16836145389426,3.19052743730849,2.508130934,2,40
1.40741943180266,Finance,40,Large,95.0,134675.709419795,47.7130261033898,6.01842307875678,2.23388474347224,2.508130934,2,40
1.22361376193781,Finance,40,Large,94.0,122992.15340944,47.7130261033898,6.41075219070559,2.35607654530087,2.508130934,2,40
0.68943952168891,Finance,40,Medium,95.0,119343.095795353,47.7130261033898,4.82981428372809,5.38907077022588,2.508130934,2,40
0.99972969080786,,40,Small,96.5,116100.672774474,47.7130261033898,4.06538381405052,2.13730863743501,2.508130934,2,40
0.983299508608657,,40,Medium,100.0,119390.506073874,47.7130261033898,4.99320558458813,2.40128921403548,2.508130934,2,40
0.458763830864822,,40,Large,98.0,103319.048958251,47.7130261033898,6.05101991469248,2.68290308480133,2.508130934,2,40
1.06401700429965,,40,Medium,99.0,98005.2725317559,47.7130261033898,4.72671886355541,2.20398694527043,2.508130934,2,40
1.15734321510237,Finance,40,Medium,95.0,85131.3713665165,47.7130261033898,5.2285216275211,2.89369840260911,2.508130934,2,40
1.26381040996804,Finance,40,Large,96.0,137990.529616862,47.7130261033898,6.06936257447191,3.87093820787481,2.508130934,2,40
1.23926483836377,Finance,40,Small,96.0,150965.090389845,47.7130261033898,3.85551654606575,3.38814361861041,2.508130934,2,40
1.37929465011913,Finance,41,Large,91.0,166718.379131546,49.4240945439557,7.47587002806675,2.14278036566132,2.259313289,2,41
1.37751211349264,,41,Medium,94.0,146567.184442462,49.4240945439557,4.80106165870662,2.37438889385715,2.259313289,2,41
1.26101829886592,,41,Small,89.0,215420.158023046,49.4240945439557,3.70305829948103,2.56856760741556,2.259313289,2,41
1.36561937288945,Finance,41,Large,90.0,99614.3236815684,49.4240945439557,5.97302783331397,1.91410156305656,2.259313289,2,41
1.27681566816059,Finance,41,Medium,90.0,124758.12804639,49.4240945439557,5.39790131085149,2.51894636667892,2.259313289,2,41
1.43316097586301,Finance,41,Large,91.0,227224.214568736,49.4240945439557,6.27745578106557,2.1360039551582,2.259313289,2,41
0.870032808683311,Finance,41,Medium,90.0,75602.4907918297,49.4240945439557,4.71980027087025,2.42952138196636,2.259313289,2,41
0.855190010262184,Finance,41,Medium,89.0,67522.3542891249,49.4240945439557,5.26665531152581,2.24402237355389,2.259313289,2,41
0.916307538477639,,41,Large,92.5,134255.782117154,49.4240945439557,6.21198329286985,1.59360581523684,2.259313289,2,41
0.983600656381264,,41,Large,91.0,96077.26497975,49.4240945439557,5.97043952955979,1.93781924087838,2.259313289,2,41
1.41422528983296,,41,Large,88.0,161703.530741994,49.4240945439557,5.95353536462182,1.88988157484231,2.259313289,2,41
1.17398684548273,,42,Small,80.0,70112.6443640383,40.9384659676252,3.63932532906099,1.81896851165317,2.06210029,2,42
0.726823408526901,,42,Small,69.0,46769.0839357969,40.9384659676252,4.01052855278926,1.99723055581216,2.06210029,2,42
0.603290786118494,,42,Large,74.0,42986.0866913842,40.9384659676252,5.69661722505596,2.1086178062619,2.06210029,2,42
0.416904665125059,,42,Small,72.0,50979.8025520593,40.9384659676252,3.77211838887655,1.9670323005425,2.06210029,2,42
0.945315218520431,,42,Medium,76.0,56268.6879403068,40.9384659676252,4.81395629685664,1.98301076427603,2.06210029,2,42
0.922753520791275,,42,Small,79.0,57383.0090038232,40.9384659676252,4.06774018210128,1.9508174262051,2.06210029,2,42
0.903454118081711,,42,Medium,67.0,35606.2054773064,40.9384659676252,5.23223506617701,1.96013170420779,2.06210029,2,42
1.10659580698335,,42,Medium,77.0,47104.5900627754,40.9384659676252,4.43538294604186,1.97113033376861,2.06210029,2,42
1.09978604792836,,42,Small,79.0,69864.4487859395,40.9384659676252,3.39066064617554,1.91065600085225,2.06210029,2,42
0.684197274155473,,42,Small,66.0,58706.1518481202,40.9384659676252,3.91791958729274,1.82875837230756,2.06210029,2,42
0.778391247767486,,42,Small,73.0,53274.2381072131,40.9384659676252,4.08841206851936,1.99773285450294,2.06210029,2,42
1.22190220485404,,43,Small,104.0,83445.0758596684,36.3029008789696,3.52786048435619,1.0,1.67026856,2,43
0.946859287403731,,43,Small,99.0,111741.510476808,36.3029008789696,3.66070042479265,1.25071836227823,1.67026856,2,43
1.35313388927384,,43,Small,101.0,154943.033909468,36.3029008789696,3.65162532354585,1.62024531238264,1.67026856,2,43
1.00095796692001,,43,Small,102.0,147831.450722485,36.3029008789696,2.67547210025611,1.64938488846612,1.67026856,2,43
0.824077149734688,,43,Medium,102.0,51360.0734062248,36.3029008789696,4.79601829085766,1.83271321387074,1.67026856,2,43
0.954689436057483,,43,Small,99.0,51002.1852063054,36.3029008789696,4.05394740995075,1.85380775496353,1.67026856,2,43
1.27030848204828,,43,Medium,102.0,91434.6036766268,36.3029008789696,4.31202029323154,1.75476535060332,1.67026856,2,43
1.25879536866358,,43,Small,103.0,109568.98854604,36.3029008789696,3.16743486863391,1.31152341404742,1.67026856,2,43
0.87831203484884,,43,Small,100.0,54698.6754551174,36.3029008789696,3.25666842942525,1.23931543072907,1.67026856,2,43
0.979092838499815,,43,Small,98.0,119332.717810369,36.3029008789696,3.29340309700611,1.0,1.67026856,2,43
0.973857365333662,,43,Small,97.0,117238.014797313,36.3029008789696,2.88078207840867,1.0,1.67026856,2,43
1.07856283413211,,43,Small,100.0,152829.823501482,36.3029008789696,3.14466569128059,2.27950705695478,1.67026856,2,43
1.10771883419354,,44,Large,98.0,46466.1710132608,41.3093982888136,6.1146073084476,1.9508174262051,2.163927052,2,44
0.471731918362861,,44,Large,103.0,91325.5723150801,41.3093982888136,6.25261892159023,1.72563409452829,2.163927052,2,44
0.634658961657987,,44,Large,105.0,92921.5191118722,41.3093982888136,6.69701266415588,2.59983281592779,2.163927052,2,44
1.07326303078521,,44,Medium,104.0,73320.8735104089,41.3093982888136,4.70866735710582,1.86094863133081,2.163927052,2,44
1.31606079716316,,44,Medium,106.0,97008.0327818375,41.3093982888136,4.8298833709589,2.20398694527043,2.163927052,2,44
1.24171322535687,,44,Large,100.0,58020.1572714507,41.3093982888136,5.74775164545801,2.12760462592826,2.163927052,2,44
1.1442654771988,,44,Large,101.0,44523.3703049693,41.3093982888136,6.05685038349243,2.17594299589457,2.163927052,2,44
1.51662624557265,,44,Medium,104.0,93787.473977681,41.3093982888136,5.5148536556033,2.4481500702262,2.163927052,2,44
0.307489042548654,,44,Medium,97.0,65604.0555625611,41.3093982888136,4.28530080671669,1.9940857527753,2.163927052,2,44
0.594115072948356,,44,Medium,101.0,123743.588860016,41.3093982888136,4.72123629831061,1.98439524901812,2.163927052,2,44
0.507785858489689,,44,Large,101.5,103511.012385426,41.3093982888136,5.93582682692517,2.23293078540333,2.163927052,2,44
1.14833015698649,,45,Medium,48.0,31607.8649333168,40.2607700884259,4.82012973440952,2.02329080138013,2.745478282,2,45
0.87682336643842,Finance,45,Large,55.0,42126.7974370157,40.2607700884259,6.96851067682325,1.3481834020778,2.745478282,2,45
1.39251042545972,Finance,45,Medium,48.0,79831.2996587787,40.2607700884259,5.42165498124382,2.49086586479608,2.745478282,2,45
0.995078186114678,Finance,45,Large,55.0,82537.634082289,40.2607700884259,7.27390337840506,1.35613141338627,2.745478282,2,45
1.36746682236201,,45,Large,59.0,73069.233262156,40.2607700884259,8.16438843549335,1.72548825796028,2.745478282,2,45
1.13806157004352,,45,Medium,47.0,32977.7419563912,40.2607700884259,4.55830886885742,1.33220569124945,2.745478282,2,45
1.19050487866431,,45,Medium,43.0,32574.5762908358,40.2607700884259,4.97660490998549,2.30843435423382,2.745478282,2,45
0.862224855095989,,45,Small,39.0,23912.4007404965,40.2607700884259,3.9166093973085,2.4625772662108,2.745478282,2,45
1.02029339923936,,45,Medium,45.0,28189.1569576099,40.2607700884259,4.84590420630297,2.1104085511993,2.745478282,2,45
1.44436985975955,Finance,45,Medium,45.0,81258.9243509977,40.2607700884259,5.14913793192204,2.73737603242555,2.745478282,2,45
1.01072404737659,Finance,45,Large,56.0,47680.3897602787,40.2607700884259,6.00051468157101,1.0,2.745478282,2,45
1.25123814787506,Finance,45,Medium,39.0,43165.2638894559,40.2607700884259,4.3769104747676,2.95018646058741,2.745478282,2,45
1.11823154694898,Finance,46,Medium,63.0,132666.557556915,48.22107326597,5.45679817511499,1.7795883377413,3.060833423,2,46
0.369942835549278,,46,Medium,64.0,48138.1487409726,48.22107326597,5.38274159849142,1.96975412564675,3.060833423,2,46
1.05004249115924,,46,Medium,66.0,78905.9821815691,48.22107326597,5.66104963819554,2.96558452756618,3.060833423,2,46
1.43673572699115,,46,Small,66.0,92891.6324646422,48.22107326597,1.86743771833452,2.58640928985893,3.060833423,2,46
1.64701332640171,Finance,46,Small,56.0,175458.904591971,48.22107326597,4.16109923753228,3.079201435678,3.060833423,2,46
0.929282713259441,Finance,46,Large,56.0,41008.2332596492,48.22107326597,7.94879186215375,1.18287054280281,3.060833423,2,46
1.32511558482633,Finance,46,Large,57.0,80282.5942567291,48.22107326597,6.7243687401546,1.85148973707075,3.060833423,2,46
1.21630224571928,Finance,46,Medium,60.0,104647.865523013,48.22107326597,5.62069776060168,2.07475467853377,3.060833423,2,46
1.16551050563668,,46,Medium,64.0,64002.2372873013,48.22107326597,5.50649163327448,2.24612267293448,3.060833423,2,46
1.01599642861557,,46,Medium,63.0,64699.6312411411,48.22107326597,4.59183344760682,2.50278016594088,3.060833423,2,46
0.627442713336466,,46,Large,66.0,37667.8067909736,48.22107326597,6.19537521606391,1.79065996103211,3.060833423,2,46
1.38818661222236,,47,Small,68.0,69512.3321325394,45.4808001194598,3.9637120843127,2.82896111314755,2.114206196,2,47
1.22598474813795,Finance,47,Medium,69.0,74950.1029496198,45.4808001194598,5.37095482343542,1.0,2.114206196,2,47
1.15034639170478,Finance,47,Medium,66.0,52739.8808022375,45.4808001194598,4.89298468669726,2.92657068588617,2.114206196,2,47
0.756965619489113,Finance,47,Large,68.0,63018.7275016543,45.4808001194598,5.76472489762678,2.17524433450049,2.114206196,2,47
1.20847483512106,,47,Small,65.0,50300.4689606841,45.4808001194598,3.95775824545774,2.34999918559381,2.114206196,2,47
1.15067524327583,,47,Small,66.0,60414.957445216,45.4808001194598,3.15297096338411,2.70694670162578,2.114206196,2,47
0.788193886875968,,47,Medium,67.0,30636.1037985076,45.4808001194598,4.47606052058095,4.78280198770833,2.114206196,2,47
1.15747429843762,,47,Medium,63.0,58896.4013018196,45.4808001194598,4.4221922197598,3.33155731998991,2.114206196,2,47
1.13752403718599,,47,Small,63.0,52377.374439219,45.4808001194598,3.28023704473506,1.53621718610039,2.114206196,2,47
1.27694853713976,Finance,47,Medium,67.0,100896.774824204,45.4808001194598,5.54219492719542,1.73130313899189,2.114206196,2,47
1.39194896240181,Finance,47,Medium,50.0,129795.933981139,45.4808001194598,4.97689359591423,2.63948822972523,2.114206196,2,47
1.2068382314387,Technology,48,Large,57.0,41199.3269693209,44.9801422487153,7.45768034715554,2.81907722831877,3.050234551,3,48
1.45051601587247,,48,Large,63.0,114588.504271948,44.9801422487153,7.99689384660356,2.57574857261975,3.050234551,3,48
1.23192206724144,,48,Large,62.0,61341.6785466724,44.9801422487153,7.25602459003248,2.58375833521102,3.050234551,3,48
1.34845213300583,Finance,48,Large,55.0,74966.1391114087,44.9801422487153,6.85492633457331,2.45071367136413,3.050234551,3,48
1.24940509479422,Finance,48,Large,52.0,78283.1322690246,44.9801422487153,8.68562445052478,2.24612267293448,3.050234551,3,48
1.62381255588705,Finance,48,Large,47.0,79541.7885945482,44.9801422487153,7.09110843529248,2.75953747246146,3.050234551,3,48
0.940376497331481,Finance,48,Large,52.0,45224.749887715,44.9801422487153,7.63433886373174,1.81896851165317,3.050234551,3,48
1.30435071943257,Finance,48,Medium,59.0,116145.868570613,44.9801422487153,4.60011898050154,1.96975412564675,3.050234551,3,48
1.48662396930552,Finance,48,Large,53.0,119275.458886216,44.9801422487153,6.67382156121442,2.27608935736713,3.050234551,3,48
1.58451472366924,Technology,48,Large,57.0,70863.9752413417,44.9801422487153,8.55649794874422,2.1667310598536,3.050234551,3,48
1.43086043670477,Technology,48,Large,61.0,73679.4982525035,44.9801422487153,6.76053097068019,2.05061170534712,3.050234551,3,48
1.28389438573893,Technology,48,Large,60.0,41226.9211612762,44.9801422487153,9.367145308431,2.89178692375484,3.050234551,3,48
1.14879332387221,Technology,48,Large,64.0,42546.8507348547,44.9801422487153,6.3111728171008,2.21942426664447,3.050234551,3,48
1.32156075671545,,48,Large,60.0,82307.1234401881,44.9801422487153,5.71909278167835,2.35097148326234,3.050234551,3,48
1.45856064686153,,48,Large,53.0,78318.3374289494,44.9801422487153,5.80625619294657,2.76551718747312,3.050234551,3,48
1.24430563732305,,48,Large,58.0,61894.262125477,44.9801422487153,7.6493455972236,1.88271535239149,3.050234551,3,48
1.63761216543914,Technology,49,Large,86.0,205427.57774853,50.0154744501454,6.77362793572044,2.6573256145194,2.730532849,3,49
1.19784205233932,Finance,49,Large,87.0,85521.6200832383,50.0154744501454,8.24290113850401,2.88986110641456,2.730532849,3,49
1.24707766760236,Finance,49,Large,83.0,109178.74636273,50.0154744501454,6.17746188407594,2.96558452756618,2.730532849,3,49
0.55947070490995,Finance,49,Large,82.0,61395.0334561336,50.0154744501454,6.89856232303163,2.95115178586752,2.730532849,3,49
0.913398591584998,,49,Large,88.0,81342.9485428042,50.0154744501454,6.23888289966502,2.81612143526622,2.730532849,3,49
0.936986144168772,,49,Large,90.0,102324.695244698,50.0154744501454,7.23649264292273,2.80876199068694,2.730532849,3,49
1.10427572591128,,49,Large,87.0,124843.941305367,50.0154744501454,6.79130686460389,2.66709451280821,2.730532849,3,49
0.814226861690193,,49,Medium,85.0,86815.2541292864,50.0154744501454,4.36888401898842,2.45502514409486,2.730532849,3,49
1.08137215069556,,49,Large,86.0,107009.057626158,50.0154744501454,8.64858629260859,2.73380110280446,2.730532849,3,49
1.24007130422291,Technology,49,Large,92.0,70365.655034264,50.0154744501454,6.09178631567118,2.4017543691616,2.730532849,3,49
1.50959272920535,Technology,49,Large,89.0,112410.50897644,50.0154744501454,6.70188331392782,2.6082822406717,2.730532849,3,49
1.19262186037996,Technology,49,Large,88.0,85237.9156819805,50.0154744501454,7.93481650232181,1.42719768351825,2.730532849,3,49
1.67470118137316,Technology,49,Large,91.0,154304.056977594,50.0154744501454,6.3746072319877,2.528477478218,2.730532849,3,49
1.19438768656391,Technology,49,Large,92.0,106415.640378273,50.0154744501454,7.63794126933814,2.91835045040138,2.730532849,3,49
0.512108233470648,Finance,49,Medium,81.0,94564.4176238967,50.0154744501454,4.69656968951118,2.0,2.730532849,3,49
1.19348823506854,Finance,49,Large,84.0,114131.738062083,50.0154744501454,6.60831946420549,2.44029240641284,2.730532849,3,49
1.34787251372001,Finance,49,Large,84.0,231218.923128316,50.0154744501454,7.47786122075467,2.5053483456112,2.730532849,3,49
1.21851070535114,,50,Large,88.0,134998.636137868,48.4093298606747,5.96952412375159,2.92042774659714,2.845326856,3,50
1.21133840536926,Technology,50,Medium,87.0,63537.284114645,48.4093298606747,5.60942420497454,2.78351775376156,2.845326856,3,50
1.4277361020723,Technology,50,Small,88.0,114038.653983802,48.4093298606747,3.77161257165099,1.84202277503731,2.845326856,3,50
1.36028507973084,Technology,50,Small,87.0,113505.076753284,48.4093298606747,3.6738541400582,3.33606947358487,2.845326856,3,50
1.01744957344826,Finance,50,Large,90.0,87130.4236228171,48.4093298606747,6.80752262463488,3.06364740066567,2.845326856,3,50
1.16228709913031,Finance,50,Medium,98.0,105236.417870151,48.4093298606747,5.10199576650023,1.92607022425223,2.845326856,3,50
1.28458147340175,Finance,50,Medium,88.0,106848.457914935,48.4093298606747,4.9159265821276,2.15100965003773,2.845326856,3,50
0.84186313615092,Finance,50,Medium,86.0,85609.2034595417,48.4093298606747,5.3327076389801,1.82562788005792,2.845326856,3,50
0.676950630611718,Finance,50,Large,86.0,60605.7153081307,48.4093298606747,6.48538120438442,2.81398388769553,2.845326856,3,50
0.826874491364858,,50,Small,102.5,192947.801338891,48.4093298606747,3.34377015566597,2.27950705695478,2.845326856,3,50
0.553059098065143,,50,Large,87.0,125838.947319519,48.4093298606747,5.74341888912593,2.3084243035018,2.845326856,3,50
0.929873776882241,,50,Large,86.0,84379.6733032336,48.4093298606747,5.86935997608603,3.05374001944373,2.845326856,3,50
1.04454200922359,,50,Medium,88.0,109252.40210515,48.4093298606747,4.46735059469698,3.44417662171714,2.845326856,3,50
0.82463515744638,,50,Medium,105.5,160158.175406639,48.4093298606747,5.58036562221663,2.29440078242065,2.845326856,3,50
1.4052790108625,Technology,50,Medium,84.0,111816.953687597,48.4093298606747,5.45457751412475,3.68120966818952,2.845326856,3,50
1.51799086877063,Technology,50,Medium,91.0,153129.465829719,48.4093298606747,4.27871037837786,2.68627163867871,2.845326856,3,50
1.1669677341385,Technology,50,Medium,86.0,40090.0707202816,48.4093298606747,4.94553292792976,3.95925266010504,2.845326856,3,50
1.48806740006028,Technology,51,Small,54.0,54935.6771729361,26.699063213582,2.40561737672152,2.82258124049965,2.965655807,3,51
1.18489492926052,,51,Medium,48.0,37247.6515936323,26.699063213582,4.83473921632423,2.72309217983052,2.965655807,3,51
1.09102473314772,,51,Small,59.0,34086.6954347943,26.699063213582,3.91885719971084,3.07446475003365,2.965655807,3,51
1.12980065342997,,51,Small,31.0,26569.9702246647,26.699063213582,3.36372156096277,2.98028605478984,2.965655807,3,51
1.26478993854145,,51,Small,38.0,99378.6896351462,26.699063213582,4.18582012915591,2.86089911398922,2.965655807,3,51
0.689453064377024,,51,Medium,40.0,45430.363200827,26.699063213582,4.4194632741429,2.66437945895777,2.965655807,3,51
1.17243114502193,,51,Medium,42.0,66573.5278460141,26.699063213582,5.12362747194632,3.02697259906345,2.965655807,3,51
1.22800011338943,,51,Small,43.0,103234.190757222,26.699063213582,3.92465065749428,2.91606746257646,2.965655807,3,51
0.862006984559668,,51,Small,40.0,27783.6477596121,26.699063213582,4.12082631677364,2.88909770562907,2.965655807,3,51
0.949491691041152,,51,Medium,40.0,32210.9498987716,26.699063213582,5.1134889208253,2.95503855757812,2.965655807,3,51
1.36471359659137,Technology,51,Small,27.0,38389.641846618,26.699063213582,2.36407867919843,2.40272690327557,2.965655807,3,51
1.20591110067761,Technology,51,Small,54.0,50703.6841367119,26.699063213582,3.34880365391052,3.06482464491003,2.965655807,3,51
1.18508865356029,Technology,51,Small,52.0,69521.4531728602,26.699063213582,3.95483190775281,2.68807480192642,2.965655807,3,51
1.30951108442428,Technology,51,Medium,44.0,39006.7792601634,26.699063213582,4.33021244154385,2.81398388769553,2.965655807,3,51
1.39117383198633,Technology,51,Small,56.0,71910.1682836286,26.699063213582,2.59676693995962,3.25536549626127,2.965655807,3,51
1.17207254197584,,51,Small,54.0,34992.316824845,26.699063213582,3.44526669992567,3.19186291808749,2.965655807,3,51
1.18270525440864,,51,Medium,34.0,28059.2059311438,26.699063213582,4.60870060152828,3.08463392163376,2.965655807,3,51
1.15830431162115,,51,Small,57.0,46418.8672562151,26.699063213582,2.92037399646364,2.29452004628532,2.965655807,3,51
1.26655165376522,Technology,52,Small,66.0,80139.4533261857,37.7722000794277,3.82001311163393,1.49360081989944,2.988474872,3,52
0.617318797854996,,52,Large,66.0,20899.1269501317,37.7722000794277,6.47818379537493,2.54373394912596,2.988474872,3,52
0.895618479329906,,52,Small,67.0,22384.3557958225,37.7722000794277,3.93505815533523,3.41607310864202,2.988474872,3,52
0.874853786357736,,52,Small,64.0,28829.5595953159,37.7722000794277,3.28713589821142,2.4782069486465,2.988474872,3,52
1.15016398515837,,52,Small,66.0,120789.549075426,37.7722000794277,3.20053011959186,2.5256705789486,2.988474872,3,52
0.903536537073132,,52,Small,69.0,71615.1501374053,37.7722000794277,3.44620184494267,2.67940284945731,2.988474872,3,52
0.70622904540033,,52,Large,67.0,45299.5850500233,37.7722000794277,6.21275312201313,2.45595303102758,2.988474872,3,52
0.58747395261753,,52,Small,66.0,64441.8690004944,37.7722000794277,4.25686400903605,2.01628460298187,2.988474872,3,52
0.94931875243566,,52,Small,67.0,64263.7784020156,37.7722000794277,2.98226628566287,2.93581918115154,2.988474872,3,52
1.03590741469031,,52,Small,64.0,102397.269628259,37.7722000794277,2.85964385318263,2.36308337479987,2.988474872,3,52
1.13459053238185,Technology,52,Small,67.0,78404.4775348614,37.7722000794277,2.72248596082069,1.87330688572446,2.988474872,3,52
1.26610171472054,Technology,52,Small,65.0,70017.6360738829,37.7722000794277,4.24834654043791,2.54395525915834,2.988474872,3,52
0.897606702821758,Technology,52,Small,66.0,47578.4843039437,37.7722000794277,3.55770370066398,2.13730863743501,2.988474872,3,52
1.28399034802623,Technology,52,Large,63.0,97854.1994061159,37.7722000794277,5.95544266567233,2.6252748415968,2.988474872,3,52
0.918365241680316,Technology,52,Medium,65.0,26692.582434784,37.7722000794277,4.49577012056992,2.47888457665975,2.988474872,3,52
0.658212949538392,,52,Small,63.0,18423.8124638725,37.7722000794277,3.11552568428638,2.28406488758295,2.988474872,3,52
0.574453211001735,,52,Small,66.0,24368.8302892793,37.7722000794277,2.20320659486178,2.55202792428089,2.988474872,3,52
1.24303758324128,,52,Small,121.0,119729.633267938,37.7722000794277,2.76155972464461,2.884865541055,2.988474872,3,52
1.33170318064322,,53,Medium,65.0,122029.534142102,46.1797099219593,4.82077866089889,3.91161624014693,3.185843182,3,53
1.22546887107732,Technology,53,Medium,64.0,73354.3237288149,46.1797099219593,5.30202550629821,2.82299059051908,3.185843182,3,53
1.29345283088888,Technology,53,Medium,62.0,68977.9770281299,46.1797099219593,4.96410999081371,2.41963606012592,3.185843182,3,53
1.38955976210681,Technology,53,Small,63.0,73100.9915634603,46.1797099219593,3.63479271323979,3.06364740066567,3.185843182,3,53
1.06171744521711,,53,Small,63.0,64776.2168599338,46.1797099219593,3.9203179011622,2.95595742133088,3.185843182,3,53
0.650172034602827,,53,Medium,63.0,41287.6473894312,46.1797099219593,4.55735891943382,2.96836193099877,3.185843182,3,53
1.28450405284295,,53,Medium,63.0,56982.3881497813,46.1797099219593,5.19092830435735,2.42828482926995,3.185843182,3,53
1.21630485371042,,53,Small,63.0,70340.891657437,46.1797099219593,3.93632146469857,2.62234281337809,3.185843182,3,53
1.29932351535729,,53,Medium,61.0,70854.035140151,46.1797099219593,4.9495029763001,2.69738281425027,3.185843182,3,53
0.872367817686715,,53,Medium,61.0,44037.0226537464,46.1797099219593,5.38291184916734,2.15437950568935,3.185843182,3,53
1.36500138704498,,53,Medium,66.0,133578.093366788,46.1797099219593,5.23725129261386,3.32177019557235,3.185843182,3,53
1.06968008200696,,53,Medium,65.0,75560.4413154129,46.1797099219593,4.9413506830648,3.30042760640282,3.185843182,3,53
1.2058254752327,,53,Large,62.0,91352.0674963465,46.1797099219593,6.09507536133784,2.93361218238203,3.185843182,3,53
0.955696026720421,,53,Medium,64.0,98308.0209284441,46.1797099219593,5.00916966970689,2.45455559589115,3.185843182,3,53
1.15415339730663,,53,Medium,59.0,86140.3203036155,46.1797099219593,4.34315889511698,3.337149686137,3.185843182,3,53
0.69695517209529,Technology,53,Small,68.0,51183.5949835836,46.1797099219593,4.12766595262359,2.0,3.185843182,3,53
1.19462716308525,Technology,53,Small,66.0,51351.8100924549,46.1797099219593,4.18222759315391,1.91628926373777,3.185843182,3,53
1.30245937158113,Finance,54,Medium,39.0,67760.1239929912,39.0188873403138,5.42360669551413,3.10312519199694,3.066965119,3,54
1.23246597107272,Technology,54,Medium,41.0,42620.8680593513,39.0188873403138,5.36669608913635,3.43642069215709,3.066965119,3,54
1.09505149270406,Technology,54,Small,40.0,48819.7234033397,39.0188873403138,4.07932709766816,2.36364061246916,3.066965119,3,54
1.1565091517261,Technology,54,Small,44.0,31923.0940715379,39.0188873403138,4.26835222855892,2.92029199944887,3.066965119,3,54
1.32523411374919,,54,Small,50.0,82184.9629146763,39.0188873403138,3.66400427486591,1.38414548846169,3.066965119,3,54
0.791853114611462,,54,Large,42.0,27379.4202543015,39.0188873403138,5.95353783202292,2.86669476945808,3.066965119,3,54
1.13084574865539,,54,Medium,39.0,22746.6155546135,39.0188873403138,5.20349231075994,3.49826094873524,3.066965119,3,54
1.12940484589969,,54,Large,42.0,31901.3664544453,39.0188873403138,6.60075441243206,2.50938478326866,3.066965119,3,54
1.05487215918,,54,Medium,41.0,42438.7451684798,39.0188873403138,4.7890972307714,2.34723056578761,3.066965119,3,54
1.13994772771888,,54,Large,41.0,31903.7260669537,39.0188873403138,6.13561969621752,2.40410734713556,3.066965119,3,54
1.39258038529824,Finance,54,Medium,40.0,71070.9736304897,39.0188873403138,5.43495920797648,2.83541904108232,3.066965119,3,54
1.03711127010456,Finance,54,Large,39.0,40888.3595967867,39.0188873403138,5.98395348538598,3.10147762921257,3.066965119,3,54
0.869252984996937,Finance,54,Medium,36.0,23686.3480732259,39.0188873403138,5.29695993183935,3.18521108055582,3.066965119,3,54
1.19721378351608,Finance,54,Medium,36.0,32976.2780175317,39.0188873403138,4.86762227078756,2.97943953182682,3.066965119,3,54
1.33270873349528,Finance,54,Large,38.0,45667.2705939044,39.0188873403138,5.71892993320573,3.05225235514875,3.066965119,3,54
1.21841749676489,Technology,54,Large,37.0,25038.1568471938,39.0188873403138,7.13082865820467,3.37779717513647,3.066965119,3,54
1.39867730062332,Technology,54,Large,38.0,54120.4814453746,39.0188873403138,7.45439870369218,3.00527566261375,3.066965119,3,54
1.39517377302679,Technology,54,Large,41.0,49428.2411910065,39.0188873403138,6.08226954962743,2.78544358813135,3.066965119,3,54
0.451410952434774,Technology,55,Large,54.0,40534.0864111851,39.7551913390518,5.74568149593488,2.7758604462583,3.03442143,3,55
1.37813324583653,Finance,55,Small,51.0,142275.706676903,39.7551913390518,3.415648017118,2.8398664781484,3.03442143,3,55
1.29298689013856,Finance,55,Medium,54.0,84285.0415644556,39.7551913390518,5.01170615803797,2.6573256145194,3.03442143,3,55
1.243080270608,Finance,55,Medium,52.0,96364.6448791912,39.7551913390518,4.4846717504209,2.80009407285383,3.03442143,3,55
1.31864518744188,,55,Medium,53.0,82230.8357502443,39.7551913390518,5.16631351098103,2.62918741381969,3.03442143,3,55
1.10914965543764,,55,Small,54.0,46207.2114682797,39.7551913390518,3.35360274905055,2.8398664781484,3.03442143,3,55
0.888115170513514,,55,Large,60.0,42847.1382262449,39.7551913390518,5.79470382099509,2.37748377990074,3.03442143,3,55
1.05658190506034,,55,Medium,59.0,39135.3961976356,39.7551913390518,4.45559589585529,1.99555719944697,3.03442143,3,55
1.41561228164191,,55,Small,58.0,88166.3628812594,39.7551913390518,3.90554557077487,2.48088747093225,3.03442143,3,55
1.02602333132537,,55,Medium,53.0,51467.379693479,39.7551913390518,5.16138611098379,2.86120687080136,3.03442143,3,55
1.22425805439832,Technology,55,Medium,63.0,68794.7857608441,39.7551913390518,5.35689557196607,2.7758604462583,3.03442143,3,55
1.06979339125025,Technology,55,Large,61.0,59102.1255149554,39.7551913390518,6.09975108642286,1.98176613197172,3.03442143,3,55
1.32785255058193,Technology,55,Large,54.0,70352.8805958781,39.7551913390518,6.06534317807956,2.68312849193521,3.03442143,3,55
1.36178056258306,Technology,55,Medium,60.0,95788.5572714655,39.7551913390518,4.56748019874714,2.43494101488337,3.03442143,3,55
1.25001871774787,Technology,55,Medium,50.0,75299.9559957971,39.7551913390518,5.01248338938455,2.95755511056208,3.03442143,3,55
1.06945681717458,Finance,55,Small,55.0,69061.0848017419,39.7551913390518,3.54371600382654,2.528477478218,3.03442143,3,55
0.914154147307088,Finance,55,Small,56.0,79738.89455579,39.7551913390518,4.26719255004179,2.93532643105,3.03442143,3,55
1.09912189996055,Finance,55,Small,50.0,86062.8556098229,39.7551913390518,3.9012646298659,2.68627163867871,3.03442143,3,55
1.12364819376814,Finance,56,Small,60.0,73720.518649566,31.0483834292875,2.53654014650307,3.0610051303091,3.093890402,3,56
1.11943705375739,,56,Small,72.0,62307.8148981235,31.0483834292875,2.96640336398922,3.70907929775537,3.093890402,3,56
1.02019205304907,,56,Medium,56.0,39260.8427136345,31.0483834292875,5.64245777090499,2.02570584668399,3.093890402,3,56
0.864129781283778,,56,Small,68.0,43757.0635653268,31.0483834292875,4.15027474890539,1.86609498476782,3.093890402,3,56
1.44715904002253,Technology,56,Small,63.0,127764.659180723,31.0483834292875,4.03266854286201,2.34723056578761,3.093890402,3,56
1.2218016243504,Technology,56,Medium,68.0,56327.9295597545,31.0483834292875,4.40708185542173,2.67054215333836,3.093890402,3,56
1.21792257486082,Technology,56,Small,66.0,70662.1994261564,31.0483834292875,2.93577798153264,2.27950705695478,3.093890402,3,56
1.53556040849905,Technology,56,Small,70.0,108083.065914627,31.0483834292875,2.8792843659408,3.36358566101486,3.093890402,3,56
1.59953248126448,Technology,56,Large,44.0,93542.9043524014,31.0483834292875,7.8124679513637,1.98176613197172,3.093890402,3,56
1.17067626110358,Technology,56,Medium,68.0,65739.3804118192,31.0483834292875,5.26283083982038,2.22085245854507,3.093890402,3,56
1.68580508463093,Finance,56,Medium,58.0,180027.169146727,31.0483834292875,5.07623856641449,1.88988157484231,3.093890402,3,56
1.39749003021056,Finance,56,Large,54.0,94372.5826732737,31.0483834292875,6.85345329611645,1.53890496582457,3.093890402,3,56
1.54508177904402,Finance,56,Large,44.0,131368.699660286,31.0483834292875,7.00117906739086,2.50525422369202,3.093890402,3,56
0.910819501339711,Finance,56,Medium,61.0,56158.4271322615,31.0483834292875,4.47243097356244,2.02996586178228,3.093890402,3,56
0.689748804649308,Finance,56,Small,56.5,55571.5209126345,31.0483834292875,3.00206224469035,1.96013170420779,3.093890402,3,56
1.04859996701853,,56,Small,66.0,56604.8197018198,31.0483834292875,3.63827915099447,2.32066842716746,3.093890402,3,56
0.959514238782983,,56,Small,71.0,48572.0132092587,31.0483834292875,3.16523394685246,2.28110351518765,3.093890402,3,56
1.02841616338943,,56,Small,69.0,57908.7933572919,31.0483834292875,3.25400610363806,2.40128921403548,3.093890402,3,56
1.04958872749383,,57,Small,83.0,189916.365312702,41.0540251337366,3.17605103327606,3.4579789224902,2.759630925,3,57
1.17118051302654,Finance,57,Small,56.0,84980.296689969,41.0540251337366,3.71533361995488,1.91928138508358,2.759630925,3,57
0.626918105107951,Finance,57,Large,62.0,34447.6562804365,41.0540251337366,5.78740278113939,2.364459103624,2.759630925,3,57
1.30698960928954,Finance,57,Small,52.0,66431.2220888898,41.0540251337366,3.66598559794943,2.89428345208907,2.759630925,3,57
1.15483145818136,,57,Small,59.0,57440.3657607993,41.0540251337366,1.49236807708212,1.38414548846169,2.759630925,3,57
0.542853313291681,,57,Small,56.0,23649.1014946536,41.0540251337366,1.75019915505508,1.64938488846612,2.759630925,3,57
0.788303138302259,,57,Small,57.0,38500.4079137917,41.0540251337366,3.83879743621031,2.4602329762891,2.759630925,3,57
0.701706036786969,,57,Medium,58.0,18930.4346990467,41.0540251337366,5.06805666436599,2.3306444020022,2.759630925,3,57
1.04224775317634,,57,Small,56.0,30555.4355446648,41.0540251337366,2.88763898606632,3.44417662171714,2.759630925,3,57
1.24109163536809,,57,Small,57.0,57564.2804682732,41.0540251337366,1.63152949913748,1.0,2.759630925,3,57
1.02077535591593,,57,Medium,57.5,71025.1117927679,41.0540251337366,4.81256961743829,2.16756653650762,2.759630925,3,57
0.742124006767623,,57,Medium,69.0,49159.3960288117,41.0540251337366,5.11583788667276,1.88206480189468,2.759630925,3,57
1.24299409676642,,57,Medium,73.0,115359.521673863,41.0540251337366,4.744745695994,1.8457200132751,2.759630925,3,57
1.05993875434047,,57,Small,60.0,118540.515836672,41.0540251337366,2.93134652915655,3.79844948513316,2.759630925,3,57
0.149451112107614,,57,Small,71.5,54096.0727209712,41.0540251337366,4.14114783223548,3.94078923921764,2.759630925,3,57
1.16678748795314,Finance,57,Medium,59.0,59759.1136451619,41.0540251337366,4.30217042803925,2.40816066179499,2.759630925,3,57
1.44711143527848,Finance,57,Small,57.0,96368.8096472259,41.0540251337366,3.96547627609939,2.67776527219641,2.759630925,3,57
1.45095121588531,,58,Medium,109.0,88789.596788747,35.5518148407461,5.20154306389072,2.0,2.930756306,3,58
0.768816642534,,58,Medium,106.0,87011.6841219061,35.5518148407461,5.15727048594853,1.82562788005792,2.930756306,3,58
0.837599458774723,,58,Medium,100.0,96523.7230749367,35.5518148407461,4.74740802178119,2.6082822406717,2.930756306,3,58
0.819223803870402,,58,Large,106.0,134674.148268756,35.5518148407461,6.7298241639873,1.67305812675851,2.930756306,3,58
1.33487161410878,Finance,58,Medium,101.0,120960.911666719,35.5518148407461,4.3886923150214,1.92702185790059,2.930756306,3,58
1.26415066981244,Finance,58,Medium,100.0,98012.5385174069,35.5518148407461,5.12294893664375,2.23293078540333,2.930756306,3,58
0.775542277461675,Finance,58,Medium,90.5,45013.0968418183,35.5518148407461,5.55209167300861,2.29452004628532,2.930756306,3,58
1.32841395090704,Finance,58,Small,93.0,160030.298295202,35.5518148407461,3.55194972129815,2.55202792428089,2.930756306,3,58
1.15827822916311,Finance,58,Small,96.0,132756.150708014,35.5518148407461,3.93318539790013,2.45455559589115,2.930756306,3,58
0.726377984811326,Finance,58,Large,106.0,52025.2060160265,35.5518148407461,7.03358097863963,2.31467561772952,2.930756306,3,58
1.07046226828312,,58,Medium,112.0,47700.0199401235,35.5518148407461,4.59860893102817,2.38385680626801,2.930756306,3,58
1.39189089510325,,58,Medium,109.0,139810.596262194,35.5518148407461,5.24891469761485,2.81848296582607,2.930756306,3,58
1.42106935806888,,58,Small,149.0,197347.669628565,35.5518148407461,3.61604046487772,2.82842712474619,2.930756306,3,58
1.27420574781603,,58,Small,150.0,123365.060574852,35.5518148407461,4.15373651264907,2.81398388769553,2.930756306,3,58
1.30142669750758,,58,Small,111.0,62252.2678278412,35.5518148407461,4.24886222726787,2.13730863743501,2.930756306,3,58
1.0717374543012,,58,Small,100.0,141173.824167145,35.5518148407461,3.95813329042498,2.56112851788714,2.930756306,3,58
0.926486568512097,,58,Medium,98.0,107559.922499787,35.5518148407461,4.55956724341856,2.97959158197191,2.930756306,3,58
1.35367476883384,Finance,59,Medium,104.0,143126.595980402,50.939252532024,4.69361127559196,3.38814361861041,3.248549755,3,59
0.865756129571647,,59,Small,102.0,165808.500520679,50.939252532024,3.44149897844556,4.34115281760506,3.248549755,3,59
0.64895483266689,,59,Large,101.0,113861.319250852,50.939252532024,6.17122429409445,2.96790571763717,3.248549755,3,59
0.60142566519742,,59,Large,100.0,116499.952167064,50.939252532024,5.79966082980554,3.93019733709904,3.248549755,3,59
1.2096973858787,,59,Medium,100.0,76338.0448384792,50.939252532024,4.54853549309924,3.13838516642839,3.248549755,3,59
1.42960117351426,,59,Medium,104.0,170822.326279156,50.939252532024,5.60532091694479,2.97815207957768,3.248549755,3,59
1.1198218917176,,59,Medium,97.0,59428.2890713728,50.939252532024,5.0020068043128,2.75634261354469,3.248549755,3,59
1.53278806370335,,59,Medium,104.0,148067.039304366,50.939252532024,4.75580705512652,3.35535589631938,3.248549755,3,59
1.23921528413213,,59,Small,104.0,119257.193726083,50.939252532024,3.05577509924218,3.29876977693224,3.248549755,3,59
1.43988683768719,,59,Medium,97.0,124069.245667788,50.939252532024,4.42262154755125,2.69738281425027,3.248549755,3,59
0.967271821711114,Finance,59,Medium,95.5,84191.9687929216,50.939252532024,4.81703314602868,3.54612958817451,3.248549755,3,59
0.961379597726775,Finance,59,Medium,99.0,79865.5810211401,50.939252532024,4.43652782015238,3.01449677656935,3.248549755,3,59
0.955020685087724,Finance,59,Medium,98.0,74442.8446613328,50.939252532024,5.48051730189191,4.20733179542325,3.248549755,3,59
0.805768070824341,Finance,59,Large,100.0,115260.33943231,50.939252532024,6.0538820999688,2.5442193181197,3.248549755,3,59
1.21037955131672,Finance,59,Small,97.0,131996.962555047,50.939252532024,3.14905026303578,2.70479734326014,3.248549755,3,59
0.420635692150249,,59,Small,98.0,121526.439491316,50.939252532024,3.18313494183494,2.56112851788714,3.248549755,3,59
0.68129749873176,,59,Medium,97.5,130276.855471651,50.939252532024,4.95144975576822,3.26161672918787,3.248549755,3,59
0.511817912569711,,59,Medium,100.5,91131.6944811571,50.939252532024,5.1705278320603,4.16386793294593,3.248549755,3,59
0.926854004547602,,60,Large,24.0,12760.9560650275,34.0091380199145,5.84027425191602,2.15172408888804,3.933049186,4,60
1.20889701213162,,60,Medium,48.0,75594.3381071006,34.0091380199145,4.43504244469002,2.28963631332411,3.933049186,4,60
0.968671202758604,,60,Large,46.0,52751.7441031702,34.0091380199145,5.93383069943505,3.11408153473159,3.933049186,4,60
0.713994985796795,,60,Small,24.0,31126.6541630355,34.0091380199145,3.99201810973502,3.42445549764297,3.933049186,4,60
1.46075798715258,Finance,60,Medium,39.0,66794.6606797461,34.0091380199145,4.53352135740409,2.71811207441539,3.933049186,4,60
1.27938307604851,Finance,60,Medium,26.0,30099.1041535763,34.0091380199145,4.36469190451905,3.11788966518584,3.933049186,4,60
1.34525065488687,Finance,60,Medium,41.0,74626.1945920751,34.0091380199145,4.33798722241081,2.72807875840648,3.933049186,4,60
1.51545904901031,Finance,60,Medium,36.0,110760.361181276,34.0091380199145,4.72828072845188,2.17214351047013,3.933049186,4,60
1.30648062830594,Finance,60,Large,40.0,63319.7124185005,34.0091380199145,6.98724318597652,2.77634425668042,3.933049186,4,60
1.54634418427373,Finance,60,Large,40.0,94135.288344345,34.0091380199145,7.6720136111318,2.17025593730496,3.933049186,4,60
1.51435666985309,Technology,60,Small,43.0,85708.6898418403,34.0091380199145,3.59981977004453,2.97100409661001,3.933049186,4,60
0.98648430677291,,60,Small,42.0,42223.3867224553,34.0091380199145,3.88260120794344,3.67473517332307,3.933049186,4,60
1.65553113803077,Technology,60,Medium,40.0,58430.1448383089,34.0091380199145,4.98839168504149,2.62174681038301,3.933049186,4,60
1.12064606063049,Technology,60,Medium,42.0,55423.9966482069,34.0091380199145,4.38364401237024,3.0359150960724,3.933049186,4,60
1.18483039571206,Technology,60,Medium,42.0,31856.5498898629,34.0091380199145,4.58825571601143,1.97113033376861,3.933049186,4,60
1.64902771807164,Technology,60,Small,41.0,81816.5501336159,34.0091380199145,4.11241988122501,2.75245904699136,3.933049186,4,60
1.41541699035113,Technology,60,Medium,42.0,57430.8093650051,34.0091380199145,4.62655718329096,3.73295901754762,3.933049186,4,60
1.25777541499714,,60,Medium,45.0,64470.7861675204,34.0091380199145,4.78980290748607,2.67329615161045,3.933049186,4,60
1.36196997469136,,60,Small,41.0,86875.4371811697,34.0091380199145,3.43702311284966,2.84886921977257,3.933049186,4,60
1.21660164387256,,60,Medium,38.0,37681.7230461107,34.0091380199145,5.45751125403297,2.65708603316244,3.933049186,4,60
1.12388369935878,,60,Medium,41.0,38334.3532301105,34.0091380199145,5.2013382695994,1.50699306577254,3.933049186,4,60
0.938942076446259,,60,Medium,46.0,57265.6235328508,34.0091380199145,5.17569950476647,3.77976314968462,3.933049186,4,60
0.857314646425607,,60,Medium,43.0,57785.7807060973,34.0091380199145,4.85486333969806,3.75889426159835,3.933049186,4,60
0.912543998036881,,60,Small,48.0,73954.1729104457,34.0091380199145,3.1030431021201,2.60138600273577,3.933049186,4,60
0.844875486477217,,61,Medium,67.5,51263.6396898006,28.3078214094473,5.34483491538794,3.12189921189397,3.823616575,4,61
1.27449435888442,Technology,61,Medium,49.0,59995.6918678184,28.3078214094473,5.40238704605179,2.80443715504227,3.823616575,4,61
1.42448025756224,Technology,61,Large,47.0,62838.7343796683,28.3078214094473,5.90276118478042,4.47923275034381,3.823616575,4,61
1.08693475251718,Technology,61,Medium,62.0,61919.5995452091,28.3078214094473,4.37067041738501,3.81088207402986,3.823616575,4,61
1.39903306870711,Finance,61,Medium,56.0,119556.209562897,28.3078214094473,5.02767271055783,3.24298119612665,3.823616575,4,61
0.568267845580512,Finance,61,Medium,45.5,48451.1918629797,28.3078214094473,4.40738041095486,2.50780872572802,3.823616575,4,61
1.46291087687808,Finance,61,Medium,51.0,125655.267768002,28.3078214094473,5.41694224514229,4.03033372406011,3.823616575,4,61
1.36996162654384,Finance,61,Medium,46.0,79076.3368682178,28.3078214094473,4.52259323793098,2.22959187392042,3.823616575,4,61
1.24497061891359,Finance,61,Medium,46.0,97460.8841586878,28.3078214094473,4.69962679947442,2.70451779632421,3.823616575,4,61
0.981499570813178,,61,Medium,61.0,38790.4375363987,28.3078214094473,5.02068256324076,3.11288732918594,3.823616575,4,61
0.88007426735262,,61,Small,68.0,63946.1181556797,28.3078214094473,4.08189812961464,2.96011476656409,3.823616575,4,61
1.24312779878179,,61,Small,59.0,77382.3078816083,28.3078214094473,2.64725983607559,2.36517352331106,3.823616575,4,61
1.1886014342439,,61,Medium,42.0,38548.023282578,28.3078214094473,4.76883740033706,2.80120240760481,3.823616575,4,61
1.41007853496852,,61,Small,58.0,96301.1674017358,28.3078214094473,3.05680400550099,4.69547221580378,3.823616575,4,61
1.04831773430185,,61,Small,62.0,56138.846531732,28.3078214094473,3.81192497082724,2.14846668848443,3.823616575,4,61
1.21203217654573,,61,Small,42.0,49785.0687627756,28.3078214094473,3.62924352816528,3.77953417481109,3.823616575,4,61
0.988543577532781,,61,Medium,55.0,62236.1439953705,28.3078214094473,5.60428954328487,3.36992218619932,3.823616575,4,61
0.573988950971559,,61,Small,60.5,41587.6759955531,28.3078214094473,3.47667671593214,3.56830205862287,3.823616575,4,61
1.25390118859343,,61,Small,58.0,134423.659453531,28.3078214094473,3.17401295996723,3.22540934214625,3.823616575,4,61
1.24024510722452,,61,Small,67.0,103248.615783296,28.3078214094473,2.91963624353465,3.05374001944373,3.823616575,4,61
1.28516194252708,Technology,61,Small,50.0,49689.5564878682,28.3078214094473,4.13013828852606,3.49438006882126,3.823616575,4,61
1.44530753137838,Technology,61,Medium,61.0,106452.167046905,28.3078214094473,5.04051306588365,3.71111362362425,3.823616575,4,61
1.18374775945349,Technology,61,Medium,55.0,66135.355977385,28.3078214094473,5.14868393011959,3.87007434569756,3.823616575,4,61
1.14196168533899,,62,Medium,72.0,86996.2421014686,48.0241297284528,5.64947012483196,2.1068555767068,2.78013703,4,62
1.15385075804673,Finance,62,Large,68.0,85729.3295553869,48.0241297284528,7.10290754735398,2.69898604552127,2.78013703,4,62
1.0394803191901,Finance,62,Large,71.0,90112.8569561451,48.0241297284528,7.3268513386158,2.67288706418305,2.78013703,4,62
0.839718379744866,Finance,62,Medium,68.0,49226.3293610534,48.0241297284528,5.04324447890165,3.11915172566196,2.78013703,4,62
1.18217784896867,Technology,62,Large,66.0,51466.3007924657,48.0241297284528,7.3739737648288,2.53982667314777,2.78013703,4,62
0.817807385049788,Technology,62,Large,66.0,36607.1006974489,48.0241297284528,5.94763087378887,2.01659438101026,2.78013703,4,62
1.51238688860476,Technology,62,Large,62.0,108620.563472909,48.0241297284528,7.90635009582796,3.49108052995907,2.78013703,4,62
1.6389758498673,Technology,62,Large,69.0,145337.204899149,48.0241297284528,5.93751699667885,2.9233775588716,2.78013703,4,62
1.55526179238965,Technology,62,Large,66.0,84048.9171091899,48.0241297284528,6.71873566344268,2.70451779632421,2.78013703,4,62
1.2778996380755,Technology,62,Large,61.0,61942.8301401904,48.0241297284528,7.77105755869783,2.65320147245444,2.78013703,4,62
0.802171155632049,,62,Large,61.0,30599.7447580178,48.0241297284528,7.03899198925253,2.44318619879803,2.78013703,4,62
1.20180009924389,,62,Large,64.0,71892.1297954016,48.0241297284528,7.79566741727195,3.06141687697975,2.78013703,4,62
1.32203235551039,,62,Large,62.0,88275.8282325119,48.0241297284528,7.65149717098303,2.44073263213531,2.78013703,4,62
0.854551494301926,,62,Large,63.0,59689.5948129658,48.0241297284528,8.58329392469318,2.91678481347612,2.78013703,4,62
1.04984277039944,,62,Large,58.0,41986.2904361643,48.0241297284528,5.67182231139933,3.45067181281902,2.78013703,4,62
0.343087220605462,,62,Large,67.0,23232.1461054221,48.0241297284528,6.57696619842433,2.74818433789252,2.78013703,4,62
0.798995115995131,,62,Large,71.0,41608.330524433,48.0241297284528,7.81306752983107,3.27549075458509,2.78013703,4,62
0.86821500356844,,62,Large,67.0,53501.3968669314,48.0241297284528,7.02049635060489,3.01622911790483,2.78013703,4,62
1.62911176257636,,62,Small,61.0,228443.563994053,48.0241297284528,3.47416983641426,2.60049000598966,2.78013703,4,62
0.930322367346682,,62,Large,69.0,50120.8080318792,48.0241297284528,7.70504224226004,2.4649496362632,2.78013703,4,62
0.746024490088494,,62,Large,69.0,50989.9172361235,48.0241297284528,6.77582639010078,3.12627860296223,2.78013703,4,62
0.119428288821524,Finance,62,Medium,65.5,33704.9231999262,48.0241297284528,5.41976495200101,2.27632151968323,2.78013703,4,62
0.838854258653932,Finance,62,Large,64.0,43808.2670905143,48.0241297284528,8.54682326903005,2.68451258166808,2.78013703,4,62
0.781666277782236,Finance,62,Large,63.0,52040.6544946758,48.0241297284528,8.03948612439646,3.68357953667465,2.78013703,4,62
